{"stats":{"minecraft:killed":{"graveyard:ghoul":1,"minecraft:spider":5,"minecraft:sheep":10,"minecraft:skeleton":1,"minecraft:chicken":1,"minecraft:drowned":1},"minecraft:picked_up":{"minecraft:nautilus_shell":1,"minecraft:magma_block":1,"minecraft:crafting_table":4,"minecraft:feather":2,"minecraft:basalt":1,"minecraft:chicken":1,"minecraft:brown_wool":1,"minecraft:brown_mushroom":1,"minecraft:red_mushroom":14,"minecraft:oak_log":30,"ad_astra:sky_stone":6,"minecraft:wither_skeleton_skull":1,"minecraft:dirt":7,"minecraft:string":7,"minecraft:lantern":1,"create:limestone":4,"minecraft:bone":2,"minecraft:sea_pickle":2,"minecraft:wheat_seeds":1,"comforts:sleeping_bag_white":1,"ftbquests:book":1,"fishofthieves:earthworms":3,"minecraft:coal_block":90,"minecraft:oak_planks":5,"twigs:twig":10,"minecraft:furnace":3,"minecraft:raw_iron":9,"minecraft:torch":3,"bewitchment:salt":10,"minecraft:diorite":2,"minecraft:light_blue_bed":2,"minecraft:spider_eye":4,"minecraft:arrow":4,"minecraft:rotten_flesh":2,"minecraft:hay_block":9,"minecraft:granite":12,"minecraft:spruce_sign":1,"immersive_armors:divine_helmet":3,"minecraft:oak_sapling":18,"minecraft:black_wool":1,"minecraft:mutton":13,"minecraft:coal":240,"minecraft:white_wool":8,"minecraft:cobblestone":99},"minecraft:killed_by":{"mutantmonsters:mutant_skeleton":2},"minecraft:custom":{"lootr:looted_stat":5,"minecraft:interact_with_furnace":14,"minecraft:mob_kills":19,"minecraft:interact_with_crafting_table":14,"minecraft:leave_game":6,"minecraft:time_since_death":62649,"minecraft:sleep_in_bed":2,"minecraft:climb_one_cm":1817,"minecraft:hex":0,"minecraft:time_since_rest":5494,"minecraft:sprint_one_cm":101968,"minecraft:damage_taken":1631,"minecraft:walk_one_cm":123198,"minecraft:damage_blocked_by_shield":120,"minecraft:drop":13,"minecraft:damage_dealt":2440,"minecraft:swim_one_cm":8100,"minecraft:fly_one_cm":90427,"minecraft:crouch_one_cm":8055,"minecraft:play_time":77280,"minecraft:deaths":2,"minecraft:sneak_time":2185,"minecraft:walk_under_water_one_cm":8130,"minecraft:jump":619,"minecraft:walk_on_water_one_cm":3893,"minecraft:total_world_time":77280,"minecraft:fall_one_cm":12695,"minecraft:horse_one_cm":254},"minecraft:dropped":{"immersive_armors:divine_helmet":1,"minecraft:feather":2,"minecraft:cobblestone":6,"minecraft:oak_planks":10,"minecraft:granite":6,"minecraft:brown_wool":1,"minecraft:map":1,"minecraft:oak_sapling":16,"ftbquests:book":1,"minecraft:light_blue_bed":2,"minecraft:black_wool":1},"minecraft:crafted":{"minecraft:oak_planks":20,"minecraft:crafting_table":1,"comforts:sleeping_bag_white":1,"minecraft:wooden_pickaxe":1,"minecraft:furnace":1,"minecraft:stone_axe":1,"minecraft:bread":27,"minecraft:cooked_mutton":13,"minecraft:air":0,"justhammers:iron_hammer":1,"minecraft:stick":36,"minecraft:iron_ingot":4,"minecraft:stone_pickaxe":1,"minecraft:stone_sword":1,"minecraft:torch":32,"minecraft:wheat":81},"minecraft:mined":{"minecraft:basalt":1,"minecraft:crafting_table":4,"minecraft:grass_block":3,"minecraft:coal_block":11,"minecraft:tall_grass":1,"minecraft:cobblestone":1,"minecraft:diorite":2,"minecraft:wall_torch":1,"minecraft:hay_block":9,"minecraft:magma_block":1,"minecraft:light_blue_bed":1,"minecraft:furnace":3,"minecraft:iron_ore":5,"treechop:chopped_log":2,"minecraft:grass":2,"minecraft:coal_ore":50,"minecraft:dirt":4,"minecraft:wither_skeleton_skull":1,"minecraft:stone":43,"ad_astra:sky_stone":2,"create:limestone":1,"minecraft:oak_leaves":4,"minecraft:fern":1},"minecraft:used":{"minecraft:cooked_mutton":1,"minecraft:stone_sword":77,"minecraft:stone_pickaxe":91,"minecraft:wooden_pickaxe":33,"minecraft:shield":3,"minecraft:rotten_flesh":2,"minecraft:torch":21,"minecraft:dirt":7,"minecraft:crafting_table":4,"justhammers:iron_hammer":23,"minecraft:bread":16,"minecraft:stone_axe":18,"minecraft:cobblestone":29,"minecraft:oak_sapling":2,"minecraft:furnace":3,"comforts:sleeping_bag_white":1}},"DataVersion":3465}