{"stats":{"minecraft:custom":{"lootr:looted_stat":24,"minecraft:mob_kills":25,"minecraft:animals_bred":15,"minecraft:inspect_hopper":2,"minecraft:interact_with_crafting_table":34,"minecraft:bell_ring":238,"minecraft:leave_game":8,"minecraft:time_since_death":232589,"minecraft:climb_one_cm":12463,"minecraft:damage_resisted":0,"minecraft:sprint_one_cm":445813,"minecraft:walk_one_cm":679315,"minecraft:damage_blocked_by_shield":120,"minecraft:drop":17,"minecraft:talked_to_villager":66,"minecraft:play_time":247220,"minecraft:deaths":2,"minecraft:sneak_time":5072,"minecraft:walk_under_water_one_cm":8691,"minecraft:jump":2878,"minecraft:interact_with_blast_furnace":11,"minecraft:walk_on_water_one_cm":36426,"minecraft:total_world_time":247220,"minecraft:interact_with_furnace":23,"minecraft:sleep_in_bed":13,"minecraft:hex":0,"minecraft:time_since_rest":9617,"minecraft:damage_taken":2169,"minecraft:damage_dealt":4504,"minecraft:swim_one_cm":9469,"minecraft:fly_one_cm":623331,"minecraft:open_chest":47,"minecraft:crouch_one_cm":14989,"minecraft:interact_with_smoker":5,"minecraft:fall_one_cm":67305,"minecraft:horse_one_cm":254},"minecraft:broken":{"minecraft:iron_shovel":1,"minecraft:stone_pickaxe":1,"minecraft:stone_axe":1},"minecraft:picked_up":{"minecraft:charcoal":2,"minecraft:wheat":8,"minecraft:crafting_table":4,"minecraft:allium":153,"minecraft:chicken":1,"minecraft:brown_mushroom":3,"minecraft:stone_slab":6,"friendsandfoes:buttercup":2,"ad_astra:sky_stone":6,"minecraft:oak_trapdoor":1,"minecraft:string":9,"create:limestone":4,"minecraft:blue_orchid":1,"minecraft:sea_pickle":2,"comforts:sleeping_bag_white":13,"twigs:pebble":13,"minecraft:spruce_planks":1,"minecraft:lectern":1,"minecraft:coal_block":90,"minecraft:furnace":6,"minecraft:raw_iron":30,"minecraft:composter":1,"minecraft:torch":3,"minecraft:green_bed":21,"minecraft:porkchop":3,"minecraft:diorite":2,"minecraft:light_blue_bed":2,"bewitchment:garlic":12,"minecraft:arrow":6,"minecraft:rotten_flesh":9,"minecraft:hay_block":79,"minecraft:mutton":13,"minecraft:cobblestone":294,"minecraft:white_wool":8,"minecraft:nautilus_shell":1,"minecraft:magma_block":1,"minecraft:feather":2,"minecraft:basalt":1,"minecraft:brown_wool":1,"minecraft:leather":1,"minecraft:smoker":2,"minecraft:red_mushroom":16,"herbalbrews:tea_blossom":9,"minecraft:flint":2,"minecraft:oak_log":30,"minecraft:wither_skeleton_skull":1,"bewitchment:aconite_seeds":12,"minecraft:dirt":248,"minecraft:lantern":1,"minecraft:bone":5,"minecraft:stone_bricks":1,"minecraft:wheat_seeds":136,"minecraft:orange_tulip":1,"ftbquests:book":1,"minecraft:bell":1,"bewitchment:mandrake_seeds":8,"minecraft:iron_ingot":3,"fishofthieves:earthworms":31,"minecraft:stripped_oak_wood":3,"twigs:twig":10,"minecraft:oak_planks":7,"minecraft:book":21,"minecraft:sweet_berries":2,"vinery:taiga_grape_seeds_red":3,"minecraft:gravel":12,"bewitchment:belladonna_seeds":10,"bewitchment:salt":10,"minecraft:blast_furnace":1,"minecraft:green_carpet":1,"minecraft:spider_eye":4,"minecraft:writable_book":1,"minecraft:granite":12,"minecraft:spruce_sign":1,"minecraft:baked_potato":19,"minecraft:oak_sapling":18,"immersive_armors:divine_helmet":3,"minecraft:black_wool":1,"minecraft:coal":346,"minecraft:hopper":10},"minecraft:mined":{"minecraft:spruce_planks":1,"vinery:taiga_grape_bush_red":1,"minecraft:allium":114,"minecraft:grass_block":201,"minecraft:coal_block":11,"minecraft:hopper":10,"minecraft:composter":1,"minecraft:spawner":1,"comforts:sleeping_bag_white":1,"minecraft:hay_block":79,"minecraft:magma_block":1,"minecraft:oak_trapdoor":1,"minecraft:furnace":6,"minecraft:iron_ore":26,"treechop:chopped_log":2,"minecraft:bell":1,"minecraft:bookshelf":7,"minecraft:green_carpet":1,"minecraft:blue_orchid":1,"minecraft:stone":52,"ad_astra:sky_stone":2,"create:limestone":1,"minecraft:green_bed":27,"twigs:pebble":4,"minecraft:smoker":3,"minecraft:basalt":1,"minecraft:crafting_table":4,"minecraft:blast_furnace":1,"minecraft:lectern":1,"minecraft:stone_slab":3,"minecraft:tall_grass":72,"minecraft:cobblestone":3,"friendsandfoes:buttercup":1,"minecraft:oak_planks":2,"minecraft:diorite":2,"minecraft:wall_torch":1,"minecraft:light_blue_bed":1,"minecraft:wheat":9,"minecraft:orange_tulip":1,"minecraft:grass":516,"minecraft:coal_ore":50,"minecraft:gravel":14,"minecraft:dirt":53,"minecraft:wither_skeleton_skull":1,"minecraft:stone_bricks":1,"minecraft:oak_leaves":4,"minecraft:fern":6},"minecraft:killed_by":{"mutantmonsters:mutant_skeleton":2},"minecraft:dropped":{"immersive_armors:divine_helmet":1,"minecraft:feather":2,"minecraft:cobblestone":6,"minecraft:granite":6,"minecraft:brown_wool":1,"minecraft:map":1,"ftbquests:book":1,"minecraft:sweet_berries":2,"minecraft:oak_planks":10,"minecraft:filled_map":2,"minecraft:potato":3,"minecraft:oak_sapling":16,"minecraft:light_blue_bed":2,"minecraft:black_wool":1},"minecraft:crafted":{"minecraft:smooth_stone":3,"minecraft:oak_planks":132,"comforts:sleeping_bag_white":1,"minecraft:furnace":1,"minecraft:blast_furnace":1,"minecraft:stone":3,"minecraft:cooked_mutton":13,"minecraft:oak_trapdoor":4,"minecraft:iron_boots":1,"minecraft:iron_hoe":1,"minecraft:stone_pickaxe":1,"minecraft:chest":4,"minecraft:wheat":710,"minecraft:cooked_beef":4,"minecraft:cooked_porkchop":6,"minecraft:crafting_table":1,"minecraft:wooden_pickaxe":1,"minecraft:iron_sword":1,"minecraft:bucket":1,"minecraft:stone_axe":1,"minecraft:bread":108,"minecraft:air":0,"minecraft:oak_boat":1,"justhammers:iron_hammer":1,"minecraft:iron_chestplate":1,"minecraft:stick":44,"minecraft:iron_ingot":30,"minecraft:stone_sword":1,"minecraft:iron_shovel":1,"minecraft:iron_leggings":1,"minecraft:torch":48},"minecraft:killed":{"minecraft:spider":6,"naturalist:boar":1,"minecraft:skeleton":1,"minecraft:chicken":1,"minecraft:drowned":1,"graveyard:ghoul":1,"minecraft:iron_golem":1,"minecraft:sheep":10,"minecraft:zombie":2},"minecraft:used":{"minecraft:oak_trapdoor":4,"minecraft:stone_sword":77,"minecraft:iron_shovel":253,"minecraft:chest":4,"minecraft:shield":3,"minecraft:bell":1,"minecraft:rotten_flesh":2,"minecraft:torch":37,"minecraft:dirt":198,"minecraft:hopper":1,"minecraft:iron_hoe":116,"archers:mechanic_shortbow":2,"minecraft:oak_sapling":2,"minecraft:furnace":6,"comforts:sleeping_bag_white":13,"minecraft:cooked_mutton":13,"minecraft:wheat_seeds":122,"friendsandfoes:buttercup":1,"minecraft:water_bucket":43,"minecraft:oak_planks":56,"minecraft:stone_pickaxe":127,"minecraft:wooden_pickaxe":33,"minecraft:composter":1,"minecraft:green_bed":21,"minecraft:crafting_table":5,"minecraft:blast_furnace":1,"justhammers:iron_hammer":52,"minecraft:smoker":1,"minecraft:bread":25,"minecraft:iron_pickaxe":52,"minecraft:stone_axe":62,"minecraft:cobblestone":265,"minecraft:cooked_porkchop":1,"minecraft:bucket":43}},"DataVersion":3465}