{"stats":{"minecraft:dropped":{"ftbquests:book":1},"minecraft:custom":{"minecraft:jump":16,"minecraft:time_since_rest":4444,"minecraft:crouch_one_cm":392,"minecraft:leave_game":1,"minecraft:damage_taken":20,"minecraft:play_time":4444,"minecraft:time_since_death":4444,"minecraft:walk_one_cm":4175,"minecraft:sneak_time":84,"minecraft:total_world_time":4444,"minecraft:hex":0,"minecraft:fall_one_cm":404,"minecraft:drop":1,"minecraft:fly_one_cm":26},"minecraft:picked_up":{"ftbquests:book":1}},"DataVersion":3465}