{"stats":{"minecraft:dropped":{"ftbquests:book":1},"minecraft:custom":{"minecraft:time_since_rest":175,"minecraft:crouch_one_cm":521,"minecraft:play_time":11378,"minecraft:sprint_one_cm":2453,"minecraft:deaths":1,"minecraft:damage_taken":255,"minecraft:walk_one_cm":11093,"minecraft:sneak_time":114,"minecraft:damage_blocked_by_shield":65,"minecraft:drop":1,"minecraft:jump":42,"minecraft:damage_dealt":50,"minecraft:leave_game":2,"minecraft:time_since_death":142,"minecraft:total_world_time":11378,"minecraft:hex":0,"minecraft:fall_one_cm":1748,"minecraft:fly_one_cm":2691},"minecraft:killed_by":{"mutantmonsters:mutant_skeleton":1},"minecraft:picked_up":{"ftbquests:book":1,"minecraft:oak_log":24,"minecraft:oak_sapling":14,"twigs:twig":10},"minecraft:mined":{"treechop:chopped_log":1,"minecraft:oak_leaves":4},"minecraft:used":{"minecraft:stone_sword":1,"minecraft:shield":1}},"DataVersion":3465}