{"stats":{"minecraft:custom":{"minecraft:interact_with_smithing_table":5,"lootr:looted_stat":46,"minecraft:mob_kills":54,"minecraft:animals_bred":18,"minecraft:inspect_hopper":2,"minecraft:interact_with_crafting_table":50,"minecraft:bell_ring":391,"minecraft:damage_dealt_resisted":0,"minecraft:leave_game":9,"minecraft:time_since_death":331866,"minecraft:damage_resisted":0,"minecraft:climb_one_cm":19279,"minecraft:sprint_one_cm":657445,"minecraft:walk_one_cm":938204,"minecraft:damage_blocked_by_shield":120,"minecraft:drop":40,"minecraft:talked_to_villager":78,"minecraft:play_time":346497,"minecraft:deaths":2,"minecraft:sneak_time":8939,"minecraft:walk_under_water_one_cm":9079,"minecraft:jump":4129,"minecraft:interact_with_blast_furnace":11,"minecraft:walk_on_water_one_cm":37439,"minecraft:total_world_time":346497,"minecraft:interact_with_furnace":23,"minecraft:play_record":1,"minecraft:traded_with_villager":1,"minecraft:sleep_in_bed":21,"minecraft:hex":0,"minecraft:time_since_rest":680,"minecraft:damage_taken":2635,"minecraft:minecart_one_cm":437,"minecraft:damage_dealt":10885,"minecraft:swim_one_cm":18491,"minecraft:fly_one_cm":864760,"minecraft:open_chest":107,"minecraft:crouch_one_cm":23923,"minecraft:interact_with_smoker":7,"minecraft:fall_one_cm":100535,"minecraft:horse_one_cm":254},"minecraft:broken":{"minecraft:iron_shovel":1,"minecraft:stone_pickaxe":1,"minecraft:stone_axe":1},"minecraft:picked_up":{"minecraft:charcoal":2,"minecraft:crafting_table":4,"minecraft:wheat":84,"minecraft:allium":157,"minecraft:ladder":3,"minecraft:chicken":1,"minecraft:brown_mushroom":3,"minecraft:stone_slab":6,"minecraft:gold_block":1,"minecraft:stone_brick_stairs":1,"friendsandfoes:buttercup":19,"minecraft:brewing_stand":1,"ad_astra:sky_stone":6,"minecraft:string":9,"minecraft:oak_trapdoor":1,"create:limestone":4,"minecraft:blue_orchid":1,"minecraft:beetroot":1,"minecraft:sea_pickle":2,"comforts:sleeping_bag_white":16,"twigs:pebble":75,"minecraft:spruce_planks":1,"minecraft:beef":24,"minecraft:andesite_stairs":2,"minecraft:poppy":4,"minecraft:lectern":1,"minecraft:coal_block":90,"minecraft:birch_sapling":3,"minecraft:furnace":6,"minecraft:stick":4,"minecraft:raw_iron":37,"minecraft:composter":2,"minecraft:torch":3,"minecraft:green_bed":26,"minecraft:porkchop":3,"fwaystones:waystone":1,"minecraft:diorite":2,"minecraft:light_blue_bed":2,"bewitchment:garlic":12,"minecraft:arrow":10,"minecraft:rotten_flesh":13,"minecraft:hay_block":89,"minecraft:mutton":13,"minecraft:skeleton_skull":2,"minecraft:cobblestone":312,"minecraft:white_wool":8,"minecraft:nautilus_shell":1,"minecraft:magma_block":1,"minecraft:feather":2,"minecraft:basalt":1,"minecraft:tripwire_hook":1,"minecraft:brown_wool":1,"minecraft:leather":20,"minecraft:smoker":3,"minecraft:red_mushroom":24,"herbalbrews:tea_blossom":10,"minecraft:flint":15,"minecraft:stripped_spruce_wood":44,"minecraft:oak_log":80,"regions_unexplored:red_maple_sapling":2,"minecraft:wither_skeleton_skull":1,"bewitchment:aconite_seeds":12,"minecraft:dirt":258,"minecraft:lantern":1,"minecraft:bone":5,"minecraft:apple":3,"minecraft:stone_bricks":2,"minecraft:spruce_wood":206,"minecraft:wheat_seeds":381,"minecraft:orange_tulip":4,"ftbquests:book":1,"minecraft:bell":4,"bewitchment:mandrake_seeds":8,"minecraft:iron_ingot":15,"fishofthieves:earthworms":32,"minecraft:stripped_oak_wood":3,"minecraft:fletching_table":1,"twigs:twig":49,"minecraft:oak_planks":8,"minecraft:book":21,"minecraft:music_disc_13":1,"minecraft:sweet_berries":4,"vinery:taiga_grape_seeds_red":3,"minecraft:gravel":102,"bewitchment:belladonna_seeds":10,"bewitchment:salt":10,"minecraft:spruce_sapling":32,"minecraft:spruce_log":61,"minecraft:blast_furnace":3,"minecraft:lily_of_the_valley":4,"minecraft:green_carpet":1,"minecraft:spider_eye":4,"travelersbackpack:standard":1,"minecraft:writable_book":1,"minecraft:granite":12,"regions_unexplored:maple_log":10,"minecraft:spruce_sign":1,"minecraft:baked_potato":19,"minecraft:oak_sapling":35,"immersive_armors:divine_helmet":3,"minecraft:black_wool":1,"minecraft:coal":346,"minecraft:hopper":10},"minecraft:mined":{"minecraft:spruce_planks":1,"minecraft:andesite_stairs":1,"minecraft:brewing_stand":1,"minecraft:ladder":2,"vinery:taiga_grape_bush_red":1,"minecraft:allium":118,"minecraft:grass_block":202,"minecraft:coal_block":11,"minecraft:composter":2,"minecraft:hopper":10,"minecraft:spawner":4,"comforts:sleeping_bag_white":1,"minecraft:hay_block":89,"minecraft:magma_block":1,"minecraft:oak_trapdoor":1,"minecraft:furnace":6,"minecraft:iron_ore":33,"treechop:chopped_log":15,"minecraft:fletching_table":1,"minecraft:gold_block":1,"minecraft:bell":4,"minecraft:bookshelf":7,"minecraft:green_carpet":1,"minecraft:blue_orchid":1,"minecraft:stone":52,"ad_astra:sky_stone":2,"create:limestone":1,"minecraft:green_bed":32,"twigs:pebble":4,"minecraft:lily_of_the_valley":4,"minecraft:smoker":4,"minecraft:basalt":1,"travelersbackpack:standard":1,"minecraft:crafting_table":4,"minecraft:blast_furnace":3,"minecraft:poppy":2,"minecraft:lectern":1,"minecraft:stone_slab":3,"minecraft:tall_grass":72,"minecraft:cobblestone":6,"friendsandfoes:buttercup":18,"minecraft:oak_planks":3,"minecraft:diorite":2,"minecraft:wall_torch":1,"minecraft:skeleton_skull":2,"minecraft:light_blue_bed":1,"minecraft:wheat":121,"minecraft:spruce_log":1,"minecraft:yellow_bed":4,"minecraft:stone_brick_stairs":1,"minecraft:orange_tulip":4,"minecraft:grass":524,"minecraft:coal_ore":50,"minecraft:gravel":117,"minecraft:dirt":63,"minecraft:wither_skeleton_skull":1,"minecraft:stone_bricks":2,"minecraft:oak_leaves":5,"minecraft:fern":6},"minecraft:killed_by":{"mutantmonsters:mutant_skeleton":2},"minecraft:dropped":{"minecraft:wheat_seeds":5,"immersive_armors:divine_helmet":1,"minecraft:iron_helmet":1,"minecraft:feather":2,"minecraft:cobblestone":6,"minecraft:granite":6,"minecraft:red_mushroom":7,"minecraft:brown_wool":1,"minecraft:map":1,"minecraft:tripwire_hook":1,"ftbquests:book":1,"twigs:twig":3,"minecraft:sweet_berries":2,"minecraft:birch_sapling":2,"minecraft:rotten_flesh":2,"minecraft:oak_planks":27,"minecraft:filled_map":2,"minecraft:leather_chestplate":1,"minecraft:potato":3,"minecraft:ladder":1,"minecraft:andesite_stairs":2,"minecraft:oak_sapling":28,"minecraft:stone_bricks":1,"minecraft:spruce_log":1,"indrev:module_color_red":1,"minecraft:arrow":2,"minecraft:stone_brick_stairs":1,"minecraft:light_blue_bed":2,"minecraft:black_wool":1},"minecraft:crafted":{"minecraft:smooth_stone":3,"minecraft:oak_planks":240,"comforts:sleeping_bag_white":1,"minecraft:furnace":1,"minecraft:blast_furnace":1,"minecraft:stone":3,"minecraft:cooked_mutton":13,"minecraft:oak_trapdoor":4,"minecraft:iron_boots":1,"minecraft:iron_axe":1,"minecraft:ladder":3,"minecraft:iron_hoe":1,"minecraft:stone_pickaxe":1,"minecraft:chest":11,"minecraft:wheat":800,"minecraft:cooked_beef":28,"travelersbackpack:iron_tier_upgrade":1,"minecraft:cooked_porkchop":6,"minecraft:crafting_table":1,"travelersbackpack:standard":1,"minecraft:wooden_pickaxe":1,"minecraft:iron_sword":1,"minecraft:smithing_table":1,"minecraft:fletching_table":4,"minecraft:bucket":1,"minecraft:stone_axe":1,"minecraft:bread":138,"minecraft:air":0,"minecraft:oak_boat":1,"justhammers:iron_hammer":1,"minecraft:iron_chestplate":1,"minecraft:shield":1,"minecraft:flint":10,"minecraft:stick":84,"minecraft:iron_ingot":30,"minecraft:gold_ingot":9,"minecraft:stone_sword":1,"minecraft:iron_shovel":2,"minecraft:iron_leggings":1,"minecraft:torch":48},"minecraft:killed":{"minecraft:cave_spider":2,"minecraft:spider":6,"naturalist:boar":1,"minecraft:skeleton":1,"minecraft:chicken":1,"minecraft:drowned":1,"graveyard:ghoul":2,"minecraft:iron_golem":4,"minecraft:sheep":10,"minecraft:pillager":1,"minecraft:zombie":4,"friendsandfoes:moobloom":17,"minecraft:villager":2},"minecraft:used":{"minecraft:oak_trapdoor":4,"minecraft:stone_sword":77,"minecraft:iron_shovel":357,"minecraft:ladder":5,"minecraft:chest":10,"minecraft:shield":3,"minecraft:iron_sword":198,"minecraft:bell":4,"minecraft:rotten_flesh":2,"minecraft:torch":44,"minecraft:dirt":227,"minecraft:hopper":1,"minecraft:music_disc_13":1,"minecraft:iron_hoe":116,"minecraft:iron_axe":139,"archers:mechanic_shortbow":2,"minecraft:oak_sapling":2,"minecraft:furnace":6,"comforts:sleeping_bag_white":16,"minecraft:potato":17,"minecraft:stripped_spruce_wood":2,"minecraft:cooked_mutton":13,"minecraft:wheat_seeds":176,"friendsandfoes:buttercup":1,"minecraft:water_bucket":43,"minecraft:oak_planks":71,"minecraft:stone_pickaxe":127,"minecraft:wooden_pickaxe":33,"minecraft:composter":1,"minecraft:fletching_table":5,"minecraft:green_bed":25,"paladins:holy_wand":1,"minecraft:crafting_table":5,"minecraft:blast_furnace":4,"justhammers:iron_hammer":54,"minecraft:smoker":3,"minecraft:bread":33,"minecraft:iron_pickaxe":81,"minecraft:gravel":90,"minecraft:stone_axe":62,"minecraft:cobblestone":284,"travelersbackpack:standard":4,"minecraft:cooked_porkchop":6,"minecraft:smithing_table":1,"minecraft:bucket":43}},"DataVersion":3465}