{"stats":{"minecraft:custom":{"minecraft:interact_with_smithing_table":3,"lootr:looted_stat":24,"minecraft:mob_kills":49,"minecraft:animals_bred":18,"minecraft:inspect_hopper":2,"minecraft:interact_with_crafting_table":49,"minecraft:bell_ring":387,"minecraft:damage_dealt_resisted":0,"minecraft:leave_game":9,"minecraft:time_since_death":277866,"minecraft:damage_resisted":0,"minecraft:climb_one_cm":17055,"minecraft:sprint_one_cm":510121,"minecraft:walk_one_cm":782536,"minecraft:damage_blocked_by_shield":120,"minecraft:drop":17,"minecraft:talked_to_villager":78,"minecraft:play_time":292497,"minecraft:deaths":2,"minecraft:sneak_time":8069,"minecraft:walk_under_water_one_cm":8691,"minecraft:jump":3386,"minecraft:interact_with_blast_furnace":11,"minecraft:walk_on_water_one_cm":36426,"minecraft:total_world_time":292497,"minecraft:interact_with_furnace":23,"minecraft:traded_with_villager":1,"minecraft:sleep_in_bed":16,"minecraft:hex":0,"minecraft:time_since_rest":13450,"minecraft:damage_taken":2384,"minecraft:damage_dealt":10017,"minecraft:swim_one_cm":9469,"minecraft:fly_one_cm":701966,"minecraft:open_chest":89,"minecraft:crouch_one_cm":20948,"minecraft:interact_with_smoker":5,"minecraft:fall_one_cm":81546,"minecraft:horse_one_cm":254},"minecraft:broken":{"minecraft:iron_shovel":1,"minecraft:stone_pickaxe":1,"minecraft:stone_axe":1},"minecraft:picked_up":{"minecraft:charcoal":2,"minecraft:crafting_table":4,"minecraft:wheat":8,"minecraft:allium":157,"minecraft:ladder":2,"minecraft:chicken":1,"minecraft:brown_mushroom":3,"minecraft:stone_slab":6,"friendsandfoes:buttercup":19,"ad_astra:sky_stone":6,"minecraft:string":9,"minecraft:oak_trapdoor":1,"create:limestone":4,"minecraft:blue_orchid":1,"minecraft:beetroot":1,"minecraft:sea_pickle":2,"comforts:sleeping_bag_white":16,"twigs:pebble":75,"minecraft:spruce_planks":1,"minecraft:beef":24,"minecraft:poppy":4,"minecraft:lectern":1,"minecraft:coal_block":90,"minecraft:furnace":6,"minecraft:raw_iron":30,"minecraft:composter":2,"minecraft:torch":3,"minecraft:green_bed":21,"minecraft:porkchop":3,"minecraft:diorite":2,"minecraft:light_blue_bed":2,"bewitchment:garlic":12,"minecraft:arrow":6,"minecraft:rotten_flesh":12,"minecraft:hay_block":79,"minecraft:mutton":13,"minecraft:cobblestone":312,"minecraft:white_wool":8,"minecraft:nautilus_shell":1,"minecraft:magma_block":1,"minecraft:feather":2,"minecraft:basalt":1,"minecraft:brown_wool":1,"minecraft:leather":20,"minecraft:smoker":3,"minecraft:red_mushroom":17,"herbalbrews:tea_blossom":10,"minecraft:flint":15,"minecraft:oak_log":57,"minecraft:wither_skeleton_skull":1,"bewitchment:aconite_seeds":12,"minecraft:dirt":258,"minecraft:lantern":1,"minecraft:bone":5,"minecraft:apple":1,"minecraft:stone_bricks":1,"minecraft:wheat_seeds":136,"minecraft:orange_tulip":4,"ftbquests:book":1,"minecraft:bell":4,"bewitchment:mandrake_seeds":8,"minecraft:iron_ingot":15,"fishofthieves:earthworms":32,"minecraft:stripped_oak_wood":3,"minecraft:fletching_table":1,"twigs:twig":16,"minecraft:oak_planks":8,"minecraft:book":21,"minecraft:sweet_berries":4,"vinery:taiga_grape_seeds_red":3,"minecraft:gravel":102,"bewitchment:belladonna_seeds":10,"bewitchment:salt":10,"minecraft:blast_furnace":3,"minecraft:lily_of_the_valley":4,"minecraft:green_carpet":1,"minecraft:spider_eye":4,"minecraft:writable_book":1,"minecraft:granite":12,"minecraft:spruce_sign":1,"minecraft:baked_potato":19,"minecraft:oak_sapling":23,"immersive_armors:divine_helmet":3,"minecraft:black_wool":1,"minecraft:coal":346,"minecraft:hopper":10},"minecraft:mined":{"minecraft:spruce_planks":1,"minecraft:ladder":2,"vinery:taiga_grape_bush_red":1,"minecraft:allium":118,"minecraft:grass_block":201,"minecraft:coal_block":11,"minecraft:composter":2,"minecraft:hopper":10,"minecraft:spawner":1,"comforts:sleeping_bag_white":1,"minecraft:hay_block":79,"minecraft:magma_block":1,"minecraft:oak_trapdoor":1,"minecraft:furnace":6,"minecraft:iron_ore":26,"treechop:chopped_log":6,"minecraft:fletching_table":1,"minecraft:bell":4,"minecraft:bookshelf":7,"minecraft:green_carpet":1,"minecraft:blue_orchid":1,"minecraft:stone":52,"ad_astra:sky_stone":2,"create:limestone":1,"minecraft:green_bed":27,"twigs:pebble":4,"minecraft:lily_of_the_valley":4,"minecraft:smoker":4,"minecraft:basalt":1,"minecraft:crafting_table":4,"minecraft:blast_furnace":3,"minecraft:poppy":2,"minecraft:lectern":1,"minecraft:stone_slab":3,"minecraft:tall_grass":72,"minecraft:cobblestone":6,"friendsandfoes:buttercup":18,"minecraft:oak_planks":3,"minecraft:diorite":2,"minecraft:wall_torch":1,"minecraft:light_blue_bed":1,"minecraft:wheat":9,"minecraft:orange_tulip":4,"minecraft:grass":522,"minecraft:coal_ore":50,"minecraft:gravel":117,"minecraft:dirt":63,"minecraft:wither_skeleton_skull":1,"minecraft:stone_bricks":1,"minecraft:oak_leaves":5,"minecraft:fern":6},"minecraft:killed_by":{"mutantmonsters:mutant_skeleton":2},"minecraft:dropped":{"immersive_armors:divine_helmet":1,"minecraft:feather":2,"minecraft:cobblestone":6,"minecraft:granite":6,"minecraft:brown_wool":1,"minecraft:map":1,"ftbquests:book":1,"minecraft:sweet_berries":2,"minecraft:oak_planks":10,"minecraft:filled_map":2,"minecraft:potato":3,"minecraft:oak_sapling":16,"minecraft:light_blue_bed":2,"minecraft:black_wool":1},"minecraft:crafted":{"minecraft:smooth_stone":3,"minecraft:oak_planks":240,"comforts:sleeping_bag_white":1,"minecraft:furnace":1,"minecraft:blast_furnace":1,"minecraft:stone":3,"minecraft:cooked_mutton":13,"minecraft:oak_trapdoor":4,"minecraft:iron_boots":1,"minecraft:iron_axe":1,"minecraft:ladder":3,"minecraft:iron_hoe":1,"minecraft:stone_pickaxe":1,"minecraft:chest":11,"minecraft:wheat":710,"minecraft:cooked_beef":4,"travelersbackpack:iron_tier_upgrade":1,"minecraft:cooked_porkchop":6,"minecraft:crafting_table":1,"travelersbackpack:standard":1,"minecraft:wooden_pickaxe":1,"minecraft:iron_sword":1,"minecraft:smithing_table":1,"minecraft:fletching_table":4,"minecraft:bucket":1,"minecraft:stone_axe":1,"minecraft:bread":108,"minecraft:air":0,"minecraft:oak_boat":1,"justhammers:iron_hammer":1,"minecraft:iron_chestplate":1,"minecraft:flint":10,"minecraft:stick":48,"minecraft:iron_ingot":30,"minecraft:stone_sword":1,"minecraft:iron_shovel":2,"minecraft:iron_leggings":1,"minecraft:torch":48},"minecraft:killed":{"minecraft:spider":6,"naturalist:boar":1,"minecraft:skeleton":1,"minecraft:chicken":1,"minecraft:drowned":1,"graveyard:ghoul":2,"minecraft:iron_golem":4,"minecraft:sheep":10,"minecraft:zombie":2,"friendsandfoes:moobloom":17,"minecraft:villager":2},"minecraft:used":{"minecraft:oak_trapdoor":4,"minecraft:stone_sword":77,"minecraft:iron_shovel":357,"minecraft:ladder":5,"minecraft:chest":10,"minecraft:shield":3,"minecraft:iron_sword":170,"minecraft:bell":4,"minecraft:rotten_flesh":2,"minecraft:torch":37,"minecraft:dirt":227,"minecraft:hopper":1,"minecraft:iron_hoe":116,"minecraft:iron_axe":27,"archers:mechanic_shortbow":2,"minecraft:oak_sapling":2,"minecraft:furnace":6,"comforts:sleeping_bag_white":16,"minecraft:cooked_mutton":13,"minecraft:wheat_seeds":122,"friendsandfoes:buttercup":1,"minecraft:water_bucket":43,"minecraft:oak_planks":70,"minecraft:stone_pickaxe":127,"minecraft:wooden_pickaxe":33,"minecraft:composter":1,"minecraft:fletching_table":5,"minecraft:green_bed":21,"minecraft:crafting_table":5,"minecraft:blast_furnace":4,"justhammers:iron_hammer":54,"minecraft:smoker":3,"minecraft:bread":25,"minecraft:iron_pickaxe":63,"minecraft:gravel":90,"minecraft:stone_axe":62,"minecraft:cobblestone":284,"minecraft:cooked_porkchop":5,"minecraft:smithing_table":1,"minecraft:bucket":43}},"DataVersion":3465}